ADA01002-ADA01001-ADA02008;8;
ADA01002-ADA01001-ADA02009-F13;8;
ADA01002-ADA01001-ADA02010-F14;6;
ADA01002-ADA01001-ADA02011-F15;9;
ADA01002-ADA01001-ADA02012-F16;7;
ADA01002-ADA01001-ADA02013-F17;10;
ADA01002-ADA01001-ADA02014-F18;8;
ADA01002-ADA01001-BD02007-BD02009-BD02010;27;
ADA01002-ADA01001-BD02007-BD02011;29;
ADA01002-ADA01001-BD02007-BD02013-F19;29;
ADA01002-ADA01001-BD02007-Prog02003- Prog02004- Prog02005-Integ02002;55;
ADA01002-ADA01001-BD02007-Prog02003- Prog02004- Prog02005-Prog02006;55;
ADA01002-ADA01001-FEMP01001-F26;6;
ADA01002-ADA01001-FEMP01002-F27;9;
ADA01002-ADA01001-FEMP01003-F28;6;
ADA01002-ADA01001-FEMP01004-F29;7;
ADA01002-ADA01001-FEMP02005-F30;6;
ADA01002-ADA01001-FEMP02006-FEMP02007;13;
ADA01002-ADA01001-FEMP02006-FEMP02008-F31;11;
ADA01002-ADA01001-Proy02010-F20;7;
ADA01002-ADA01001-Proy02011-F21;12;
ADA01002-ADA01001-Proy02012-F22;7;
ADA01002-ADA01001-Proy02013- Proy02015-F23;8;
ADA01002-ADA01001-Proy02013-Proy02009;7;
ADA01002-ADA01001-Proy02014-F24;5;
ADA01002-ADA01001-SO02007-F25;6;
ADA01002-ADA01001-SO02008-SO02009;8;
ADA01002-ADA01001-SO02010- SO02011;17;
ADA01002-ADA01001-Taller02007- Taller02010- Taller02009;16;
ADA01002-ADA01001-Taller02007-Taller02008-F32;13;
ADA01002-ADA01001-Taller02007-Taller02011-F33;13;
ADA01002-ADA01001-Taller02007-Taller02012-F34;12;
ADA01002-ADA01001-Taller02007-Taller02013-F35;14;
ADA01002-ADA01001-Taller02007-Taller02014-F36;12;
ADA01002-ADA01001-Taller02007-Taller02015;15;
ADA01003-F6-ADA02008;12;
ADA01003-F6-ADA02009-F13;12;
ADA01003-F6-ADA02010-F14;10;
ADA01003-F6-ADA02011-F15;13;
ADA01003-F6-ADA02012-F16;11;
ADA01003-F6-ADA02013-F17;14;
ADA01003-F6-ADA02014-F18;12;
ADA01003-F6-BD02007-BD02009-BD02010;31;
ADA01003-F6-BD02007-BD02011;33;
ADA01003-F6-BD02007-BD02013-F19;33;
ADA01003-F6-BD02007-Prog02003- Prog02004- Prog02005-Integ02002;59;
ADA01003-F6-BD02007-Prog02003- Prog02004- Prog02005-Prog02006;59;
ADA01003-F6-FEMP01001-F26;10;
ADA01003-F6-FEMP01002-F27;13;
ADA01003-F6-FEMP01003-F28;10;
ADA01003-F6-FEMP01004-F29;11;
ADA01003-F6-FEMP02005-F30;10;
ADA01003-F6-FEMP02006-FEMP02007;17;
ADA01003-F6-FEMP02006-FEMP02008-F31;15;
ADA01003-F6-Proy02010-F20;11;
ADA01003-F6-Proy02011-F21;16;
ADA01003-F6-Proy02012-F22;11;
ADA01003-F6-Proy02013- Proy02015-F23;12;
ADA01003-F6-Proy02013-Proy02009;11;
ADA01003-F6-Proy02014-F24;9;
ADA01003-F6-SO02007-F25;10;
ADA01003-F6-SO02008-SO02009;12;
ADA01003-F6-SO02010- SO02011;21;
ADA01003-F6-Taller02007- Taller02010- Taller02009;20;
ADA01003-F6-Taller02007-Taller02008-F32;17;
ADA01003-F6-Taller02007-Taller02011-F33;17;
ADA01003-F6-Taller02007-Taller02012-F34;16;
ADA01003-F6-Taller02007-Taller02013-F35;18;
ADA01003-F6-Taller02007-Taller02014-F36;16;
ADA01003-F6-Taller02007-Taller02015;19;
ADA01004-ADA01003-BD01001-PROG01002-Integ01001-ADA02008;50;
ADA01004-ADA01003-BD01001-PROG01002-Integ01001-ADA02009-F13;50;
ADA01004-ADA01003-BD01001-PROG01002-Integ01001-ADA02010-F14;48;
ADA01004-ADA01003-BD01001-PROG01002-Integ01001-ADA02011-F15;51;
ADA01004-ADA01003-BD01001-PROG01002-Integ01001-ADA02012-F16;49;
ADA01004-ADA01003-BD01001-PROG01002-Integ01001-ADA02013-F17;52;
ADA01004-ADA01003-BD01001-PROG01002-Integ01001-ADA02014-F18;50;
ADA01004-ADA01003-BD01001-PROG01002-Integ01001-BD02007-BD02009-BD02010;69;
ADA01004-ADA01003-BD01001-PROG01002-Integ01001-BD02007-BD02011;71;
ADA01004-ADA01003-BD01001-PROG01002-Integ01001-BD02007-BD02013-F19;71;
ADA01004-ADA01003-BD01001-PROG01002-Integ01001-BD02007-Prog02003- Prog02004- Prog02005-Integ02002;97;
ADA01004-ADA01003-BD01001-PROG01002-Integ01001-BD02007-Prog02003- Prog02004- Prog02005-Prog02006;97;
ADA01004-ADA01003-BD01001-PROG01002-Integ01001-FEMP01001-F26;48;
ADA01004-ADA01003-BD01001-PROG01002-Integ01001-FEMP01002-F27;51;
ADA01004-ADA01003-BD01001-PROG01002-Integ01001-FEMP01003-F28;48;
ADA01004-ADA01003-BD01001-PROG01002-Integ01001-FEMP01004-F29;49;
ADA01004-ADA01003-BD01001-PROG01002-Integ01001-FEMP02005-F30;48;
ADA01004-ADA01003-BD01001-PROG01002-Integ01001-FEMP02006-FEMP02007;55;
ADA01004-ADA01003-BD01001-PROG01002-Integ01001-FEMP02006-FEMP02008-F31;53;
ADA01004-ADA01003-BD01001-PROG01002-Integ01001-Proy02010-F20;49;
ADA01004-ADA01003-BD01001-PROG01002-Integ01001-Proy02011-F21;54;
ADA01004-ADA01003-BD01001-PROG01002-Integ01001-Proy02012-F22;49;
ADA01004-ADA01003-BD01001-PROG01002-Integ01001-Proy02013- Proy02015-F23;50;
ADA01004-ADA01003-BD01001-PROG01002-Integ01001-Proy02013-Proy02009;49;
ADA01004-ADA01003-BD01001-PROG01002-Integ01001-Proy02014-F24;47;
ADA01004-ADA01003-BD01001-PROG01002-Integ01001-SO02007-F25;48;
ADA01004-ADA01003-BD01001-PROG01002-Integ01001-SO02008-SO02009;50;
ADA01004-ADA01003-BD01001-PROG01002-Integ01001-SO02010- SO02011;59;
ADA01004-ADA01003-BD01001-PROG01002-Integ01001-Taller02007- Taller02010- Taller02009;58;
ADA01004-ADA01003-BD01001-PROG01002-Integ01001-Taller02007-Taller02008-F32;55;
ADA01004-ADA01003-BD01001-PROG01002-Integ01001-Taller02007-Taller02011-F33;55;
ADA01004-ADA01003-BD01001-PROG01002-Integ01001-Taller02007-Taller02012-F34;54;
ADA01004-ADA01003-BD01001-PROG01002-Integ01001-Taller02007-Taller02013-F35;56;
ADA01004-ADA01003-BD01001-PROG01002-Integ01001-Taller02007-Taller02014-F36;54;
ADA01004-ADA01003-BD01001-PROG01002-Integ01001-Taller02007-Taller02015;57;
ADA01004-ADA01005-F3-ADA02008;26;
ADA01004-ADA01005-F3-ADA02009-F13;26;
ADA01004-ADA01005-F3-ADA02010-F14;24;
ADA01004-ADA01005-F3-ADA02011-F15;27;
ADA01004-ADA01005-F3-ADA02012-F16;25;
ADA01004-ADA01005-F3-ADA02013-F17;28;
ADA01004-ADA01005-F3-ADA02014-F18;26;
ADA01004-ADA01005-F3-BD02007-BD02009-BD02010;45;
ADA01004-ADA01005-F3-BD02007-BD02011;47;
ADA01004-ADA01005-F3-BD02007-BD02013-F19;47;
ADA01004-ADA01005-F3-BD02007-Prog02003- Prog02004- Prog02005-Integ02002;73;
ADA01004-ADA01005-F3-BD02007-Prog02003- Prog02004- Prog02005-Prog02006;73;
ADA01004-ADA01005-F3-FEMP01001-F26;24;
ADA01004-ADA01005-F3-FEMP01002-F27;27;
ADA01004-ADA01005-F3-FEMP01003-F28;24;
ADA01004-ADA01005-F3-FEMP01004-F29;25;
ADA01004-ADA01005-F3-FEMP02005-F30;24;
ADA01004-ADA01005-F3-FEMP02006-FEMP02007;31;
ADA01004-ADA01005-F3-FEMP02006-FEMP02008-F31;29;
ADA01004-ADA01005-F3-Proy02010-F20;25;
ADA01004-ADA01005-F3-Proy02011-F21;30;
ADA01004-ADA01005-F3-Proy02012-F22;25;
ADA01004-ADA01005-F3-Proy02013- Proy02015-F23;26;
ADA01004-ADA01005-F3-Proy02013-Proy02009;25;
ADA01004-ADA01005-F3-Proy02014-F24;23;
ADA01004-ADA01005-F3-SO02007-F25;24;
ADA01004-ADA01005-F3-SO02008-SO02009;26;
ADA01004-ADA01005-F3-SO02010- SO02011;35;
ADA01004-ADA01005-F3-Taller02007- Taller02010- Taller02009;34;
ADA01004-ADA01005-F3-Taller02007-Taller02008-F32;31;
ADA01004-ADA01005-F3-Taller02007-Taller02011-F33;31;
ADA01004-ADA01005-F3-Taller02007-Taller02012-F34;30;
ADA01004-ADA01005-F3-Taller02007-Taller02013-F35;32;
ADA01004-ADA01005-F3-Taller02007-Taller02014-F36;30;
ADA01004-ADA01005-F3-Taller02007-Taller02015;33;
ADA01004-ADA01006 -ADA02008;30;
ADA01004-ADA01006 -ADA02009-F13;30;
ADA01004-ADA01006 -ADA02010-F14;28;
ADA01004-ADA01006 -ADA02011-F15;31;
ADA01004-ADA01006 -ADA02012-F16;29;
ADA01004-ADA01006 -ADA02013-F17;32;
ADA01004-ADA01006 -ADA02014-F18;30;
ADA01004-ADA01006 -BD02007-BD02009-BD02010;49;
ADA01004-ADA01006 -BD02007-BD02011;51;
ADA01004-ADA01006 -BD02007-BD02013-F19;51;
ADA01004-ADA01006 -BD02007-Prog02003- Prog02004- Prog02005-Integ02002;77;
ADA01004-ADA01006 -BD02007-Prog02003- Prog02004- Prog02005-Prog02006;77;
ADA01004-ADA01006 -FEMP01001-F26;28;
ADA01004-ADA01006 -FEMP01002-F27;31;
ADA01004-ADA01006 -FEMP01003-F28;28;
ADA01004-ADA01006 -FEMP01004-F29;29;
ADA01004-ADA01006 -FEMP02005-F30;28;
ADA01004-ADA01006 -FEMP02006-FEMP02007;35;
ADA01004-ADA01006 -FEMP02006-FEMP02008-F31;33;
ADA01004-ADA01006 -Proy02010-F20;29;
ADA01004-ADA01006 -Proy02011-F21;34;
ADA01004-ADA01006 -Proy02012-F22;29;
ADA01004-ADA01006 -Proy02013- Proy02015-F23;30;
ADA01004-ADA01006 -Proy02013-Proy02009;29;
ADA01004-ADA01006 -Proy02014-F24;27;
ADA01004-ADA01006 -SO02007-F25;28;
ADA01004-ADA01006 -SO02008-SO02009;30;
ADA01004-ADA01006 -SO02010- SO02011;39;
ADA01004-ADA01006 -Taller02007- Taller02010- Taller02009;38;
ADA01004-ADA01006 -Taller02007-Taller02008-F32;35;
ADA01004-ADA01006 -Taller02007-Taller02011-F33;35;
ADA01004-ADA01006 -Taller02007-Taller02012-F34;34;
ADA01004-ADA01006 -Taller02007-Taller02013-F35;36;
ADA01004-ADA01006 -Taller02007-Taller02014-F36;34;
ADA01004-ADA01006 -Taller02007-Taller02015;37;
ADA01004-ADA01007-F4-ADA02008;25;
ADA01004-ADA01007-F4-ADA02009-F13;25;
ADA01004-ADA01007-F4-ADA02010-F14;23;
ADA01004-ADA01007-F4-ADA02011-F15;26;
ADA01004-ADA01007-F4-ADA02012-F16;24;
ADA01004-ADA01007-F4-ADA02013-F17;27;
ADA01004-ADA01007-F4-ADA02014-F18;25;
ADA01004-ADA01007-F4-BD02007-BD02009-BD02010;44;
ADA01004-ADA01007-F4-BD02007-BD02011;46;
ADA01004-ADA01007-F4-BD02007-BD02013-F19;46;
ADA01004-ADA01007-F4-BD02007-Prog02003- Prog02004- Prog02005-Integ02002;72;
ADA01004-ADA01007-F4-BD02007-Prog02003- Prog02004- Prog02005-Prog02006;72;
ADA01004-ADA01007-F4-FEMP01001-F26;23;
ADA01004-ADA01007-F4-FEMP01002-F27;26;
ADA01004-ADA01007-F4-FEMP01003-F28;23;
ADA01004-ADA01007-F4-FEMP01004-F29;24;
ADA01004-ADA01007-F4-FEMP02005-F30;23;
ADA01004-ADA01007-F4-FEMP02006-FEMP02007;30;
ADA01004-ADA01007-F4-FEMP02006-FEMP02008-F31;28;
ADA01004-ADA01007-F4-Proy02010-F20;24;
ADA01004-ADA01007-F4-Proy02011-F21;29;
ADA01004-ADA01007-F4-Proy02012-F22;24;
ADA01004-ADA01007-F4-Proy02013- Proy02015-F23;25;
ADA01004-ADA01007-F4-Proy02013-Proy02009;24;
ADA01004-ADA01007-F4-Proy02014-F24;22;
ADA01004-ADA01007-F4-SO02007-F25;23;
ADA01004-ADA01007-F4-SO02008-SO02009;25;
ADA01004-ADA01007-F4-SO02010- SO02011;34;
ADA01004-ADA01007-F4-Taller02007- Taller02010- Taller02009;33;
ADA01004-ADA01007-F4-Taller02007-Taller02008-F32;30;
ADA01004-ADA01007-F4-Taller02007-Taller02011-F33;30;
ADA01004-ADA01007-F4-Taller02007-Taller02012-F34;29;
ADA01004-ADA01007-F4-Taller02007-Taller02013-F35;31;
ADA01004-ADA01007-F4-Taller02007-Taller02014-F36;29;
ADA01004-ADA01007-F4-Taller02007-Taller02015;32;
ADA01004-BD01001-BD01002-BD01003-BD01005-BD01006 -ADA02008;41;
ADA01004-BD01001-BD01002-BD01003-BD01005-BD01006 -ADA02009-F13;41;
ADA01004-BD01001-BD01002-BD01003-BD01005-BD01006 -ADA02010-F14;39;
ADA01004-BD01001-BD01002-BD01003-BD01005-BD01006 -ADA02011-F15;42;
ADA01004-BD01001-BD01002-BD01003-BD01005-BD01006 -ADA02012-F16;40;
ADA01004-BD01001-BD01002-BD01003-BD01005-BD01006 -ADA02013-F17;43;
ADA01004-BD01001-BD01002-BD01003-BD01005-BD01006 -ADA02014-F18;41;
ADA01004-BD01001-BD01002-BD01003-BD01005-BD01006 -BD02007-BD02009-BD02010;60;
ADA01004-BD01001-BD01002-BD01003-BD01005-BD01006 -BD02007-BD02011;62;
ADA01004-BD01001-BD01002-BD01003-BD01005-BD01006 -BD02007-BD02013-F19;62;
ADA01004-BD01001-BD01002-BD01003-BD01005-BD01006 -BD02007-Prog02003- Prog02004- Prog02005-Integ02002;88;
ADA01004-BD01001-BD01002-BD01003-BD01005-BD01006 -BD02007-Prog02003- Prog02004- Prog02005-Prog02006;88;
ADA01004-BD01001-BD01002-BD01003-BD01005-BD01006 -FEMP01001-F26;39;
ADA01004-BD01001-BD01002-BD01003-BD01005-BD01006 -FEMP01002-F27;42;
ADA01004-BD01001-BD01002-BD01003-BD01005-BD01006 -FEMP01003-F28;39;
ADA01004-BD01001-BD01002-BD01003-BD01005-BD01006 -FEMP01004-F29;40;
ADA01004-BD01001-BD01002-BD01003-BD01005-BD01006 -FEMP02005-F30;39;
ADA01004-BD01001-BD01002-BD01003-BD01005-BD01006 -FEMP02006-FEMP02007;46;
ADA01004-BD01001-BD01002-BD01003-BD01005-BD01006 -FEMP02006-FEMP02008-F31;44;
ADA01004-BD01001-BD01002-BD01003-BD01005-BD01006 -Proy02010-F20;40;
ADA01004-BD01001-BD01002-BD01003-BD01005-BD01006 -Proy02011-F21;45;
ADA01004-BD01001-BD01002-BD01003-BD01005-BD01006 -Proy02012-F22;40;
ADA01004-BD01001-BD01002-BD01003-BD01005-BD01006 -Proy02013- Proy02015-F23;41;
ADA01004-BD01001-BD01002-BD01003-BD01005-BD01006 -Proy02013-Proy02009;40;
ADA01004-BD01001-BD01002-BD01003-BD01005-BD01006 -Proy02014-F24;38;
ADA01004-BD01001-BD01002-BD01003-BD01005-BD01006 -SO02007-F25;39;
ADA01004-BD01001-BD01002-BD01003-BD01005-BD01006 -SO02008-SO02009;41;
ADA01004-BD01001-BD01002-BD01003-BD01005-BD01006 -SO02010- SO02011;50;
ADA01004-BD01001-BD01002-BD01003-BD01005-BD01006 -Taller02007- Taller02010- Taller02009;49;
ADA01004-BD01001-BD01002-BD01003-BD01005-BD01006 -Taller02007-Taller02008-F32;46;
ADA01004-BD01001-BD01002-BD01003-BD01005-BD01006 -Taller02007-Taller02011-F33;46;
ADA01004-BD01001-BD01002-BD01003-BD01005-BD01006 -Taller02007-Taller02012-F34;45;
ADA01004-BD01001-BD01002-BD01003-BD01005-BD01006 -Taller02007-Taller02013-F35;47;
ADA01004-BD01001-BD01002-BD01003-BD01005-BD01006 -Taller02007-Taller02014-F36;45;
ADA01004-BD01001-BD01002-BD01003-BD01005-BD01006 -Taller02007-Taller02015;48;
ADA01004-BD01001-BD01002-BD01004 -ADA02008;38;
ADA01004-BD01001-BD01002-BD01004 -ADA02009-F13;38;
ADA01004-BD01001-BD01002-BD01004 -ADA02010-F14;36;
ADA01004-BD01001-BD01002-BD01004 -ADA02011-F15;39;
ADA01004-BD01001-BD01002-BD01004 -ADA02012-F16;37;
ADA01004-BD01001-BD01002-BD01004 -ADA02013-F17;40;
ADA01004-BD01001-BD01002-BD01004 -ADA02014-F18;38;
ADA01004-BD01001-BD01002-BD01004 -BD02007-BD02009-BD02010;57;
ADA01004-BD01001-BD01002-BD01004 -BD02007-BD02011;59;
ADA01004-BD01001-BD01002-BD01004 -BD02007-BD02013-F19;59;
ADA01004-BD01001-BD01002-BD01004 -BD02007-Prog02003- Prog02004- Prog02005-Integ02002;85;
ADA01004-BD01001-BD01002-BD01004 -BD02007-Prog02003- Prog02004- Prog02005-Prog02006;85;
ADA01004-BD01001-BD01002-BD01004 -FEMP01001-F26;36;
ADA01004-BD01001-BD01002-BD01004 -FEMP01002-F27;39;
ADA01004-BD01001-BD01002-BD01004 -FEMP01003-F28;36;
ADA01004-BD01001-BD01002-BD01004 -FEMP01004-F29;37;
ADA01004-BD01001-BD01002-BD01004 -FEMP02005-F30;36;
ADA01004-BD01001-BD01002-BD01004 -FEMP02006-FEMP02007;43;
ADA01004-BD01001-BD01002-BD01004 -FEMP02006-FEMP02008-F31;41;
ADA01004-BD01001-BD01002-BD01004 -Proy02010-F20;37;
ADA01004-BD01001-BD01002-BD01004 -Proy02011-F21;42;
ADA01004-BD01001-BD01002-BD01004 -Proy02012-F22;37;
ADA01004-BD01001-BD01002-BD01004 -Proy02013- Proy02015-F23;38;
ADA01004-BD01001-BD01002-BD01004 -Proy02013-Proy02009;37;
ADA01004-BD01001-BD01002-BD01004 -Proy02014-F24;35;
ADA01004-BD01001-BD01002-BD01004 -SO02007-F25;36;
ADA01004-BD01001-BD01002-BD01004 -SO02008-SO02009;38;
ADA01004-BD01001-BD01002-BD01004 -SO02010- SO02011;47;
ADA01004-BD01001-BD01002-BD01004 -Taller02007- Taller02010- Taller02009;46;
ADA01004-BD01001-BD01002-BD01004 -Taller02007-Taller02008-F32;43;
ADA01004-BD01001-BD01002-BD01004 -Taller02007-Taller02011-F33;43;
ADA01004-BD01001-BD01002-BD01004 -Taller02007-Taller02012-F34;42;
ADA01004-BD01001-BD01002-BD01004 -Taller02007-Taller02013-F35;44;
ADA01004-BD01001-BD01002-BD01004 -Taller02007-Taller02014-F36;42;
ADA01004-BD01001-BD01002-BD01004 -Taller02007-Taller02015;45;
Prog01001-F5-ADA02008;6;
Prog01001-F5-ADA02009-F13;6;
Prog01001-F5-ADA02010-F14;4;
Prog01001-F5-ADA02011-F15;7;
Prog01001-F5-ADA02012-F16;5;
Prog01001-F5-ADA02013-F17;8;
Prog01001-F5-ADA02014-F18;6;
Prog01001-F5-BD02007-BD02009-BD02010;25;
Prog01001-F5-BD02007-BD02011;27;
Prog01001-F5-BD02007-BD02013-F19;27;
Prog01001-F5-BD02007-Prog02003- Prog02004- Prog02005-Integ02002;53;
Prog01001-F5-BD02007-Prog02003- Prog02004- Prog02005-Prog02006;53;
Prog01001-F5-FEMP01001-F26;4;
Prog01001-F5-FEMP01002-F27;7;
Prog01001-F5-FEMP01003-F28;4;
Prog01001-F5-FEMP01004-F29;5;
Prog01001-F5-FEMP02005-F30;4;
Prog01001-F5-FEMP02006-FEMP02007;11;
Prog01001-F5-FEMP02006-FEMP02008-F31;9;
Prog01001-F5-Proy02010-F20;5;
Prog01001-F5-Proy02011-F21;10;
Prog01001-F5-Proy02012-F22;5;
Prog01001-F5-Proy02013- Proy02015-F23;6;
Prog01001-F5-Proy02013-Proy02009;5;
Prog01001-F5-Proy02014-F24;3;
Prog01001-F5-SO02007-F25;4;
Prog01001-F5-SO02008-SO02009;6;
Prog01001-F5-SO02010- SO02011;15;
Prog01001-F5-Taller02007- Taller02010- Taller02009;14;
Prog01001-F5-Taller02007-Taller02008-F32;11;
Prog01001-F5-Taller02007-Taller02011-F33;11;
Prog01001-F5-Taller02007-Taller02012-F34;10;
Prog01001-F5-Taller02007-Taller02013-F35;12;
Prog01001-F5-Taller02007-Taller02014-F36;10;
Prog01001-F5-Taller02007-Taller02015;13;
Proy01001-F7-ADA02008;7;
Proy01001-F7-ADA02009-F13;7;
Proy01001-F7-ADA02010-F14;5;
Proy01001-F7-ADA02011-F15;8;
Proy01001-F7-ADA02012-F16;6;
Proy01001-F7-ADA02013-F17;9;
Proy01001-F7-ADA02014-F18;7;
Proy01001-F7-BD02007-BD02009-BD02010;26;
Proy01001-F7-BD02007-BD02011;28;
Proy01001-F7-BD02007-BD02013-F19;28;
Proy01001-F7-BD02007-Prog02003- Prog02004- Prog02005-Integ02002;54;
Proy01001-F7-BD02007-Prog02003- Prog02004- Prog02005-Prog02006;54;
Proy01001-F7-FEMP01001-F26;5;
Proy01001-F7-FEMP01002-F27;8;
Proy01001-F7-FEMP01003-F28;5;
Proy01001-F7-FEMP01004-F29;6;
Proy01001-F7-FEMP02005-F30;5;
Proy01001-F7-FEMP02006-FEMP02007;12;
Proy01001-F7-FEMP02006-FEMP02008-F31;10;
Proy01001-F7-Proy02010-F20;6;
Proy01001-F7-Proy02011-F21;11;
Proy01001-F7-Proy02012-F22;6;
Proy01001-F7-Proy02013- Proy02015-F23;7;
Proy01001-F7-Proy02013-Proy02009;6;
Proy01001-F7-Proy02014-F24;4;
Proy01001-F7-SO02007-F25;5;
Proy01001-F7-SO02008-SO02009;7;
Proy01001-F7-SO02010- SO02011;16;
Proy01001-F7-Taller02007- Taller02010- Taller02009;15;
Proy01001-F7-Taller02007-Taller02008-F32;12;
Proy01001-F7-Taller02007-Taller02011-F33;12;
Proy01001-F7-Taller02007-Taller02012-F34;11;
Proy01001-F7-Taller02007-Taller02013-F35;13;
Proy01001-F7-Taller02007-Taller02014-F36;11;
Proy01001-F7-Taller02007-Taller02015;14;
Proy01002-F8-ADA02008;5;
Proy01002-F8-ADA02009-F13;5;
Proy01002-F8-ADA02010-F14;3;
Proy01002-F8-ADA02011-F15;6;
Proy01002-F8-ADA02012-F16;4;
Proy01002-F8-ADA02013-F17;7;
Proy01002-F8-ADA02014-F18;5;
Proy01002-F8-BD02007-BD02009-BD02010;24;
Proy01002-F8-BD02007-BD02011;26;
Proy01002-F8-BD02007-BD02013-F19;26;
Proy01002-F8-BD02007-Prog02003- Prog02004- Prog02005-Integ02002;52;
Proy01002-F8-BD02007-Prog02003- Prog02004- Prog02005-Prog02006;52;
Proy01002-F8-FEMP01001-F26;3;
Proy01002-F8-FEMP01002-F27;6;
Proy01002-F8-FEMP01003-F28;3;
Proy01002-F8-FEMP01004-F29;4;
Proy01002-F8-FEMP02005-F30;3;
Proy01002-F8-FEMP02006-FEMP02007;10;
Proy01002-F8-FEMP02006-FEMP02008-F31;8;
Proy01002-F8-Proy02010-F20;4;
Proy01002-F8-Proy02011-F21;9;
Proy01002-F8-Proy02012-F22;4;
Proy01002-F8-Proy02013- Proy02015-F23;5;
Proy01002-F8-Proy02013-Proy02009;4;
Proy01002-F8-Proy02014-F24;2;
Proy01002-F8-SO02007-F25;3;
Proy01002-F8-SO02008-SO02009;5;
Proy01002-F8-SO02010- SO02011;14;
Proy01002-F8-Taller02007- Taller02010- Taller02009;13;
Proy01002-F8-Taller02007-Taller02008-F32;10;
Proy01002-F8-Taller02007-Taller02011-F33;10;
Proy01002-F8-Taller02007-Taller02012-F34;9;
Proy01002-F8-Taller02007-Taller02013-F35;11;
Proy01002-F8-Taller02007-Taller02014-F36;9;
Proy01002-F8-Taller02007-Taller02015;12;
Proy01003-F9-ADA02008;8;
Proy01003-F9-ADA02009-F13;8;
Proy01003-F9-ADA02010-F14;6;
Proy01003-F9-ADA02011-F15;9;
Proy01003-F9-ADA02012-F16;7;
Proy01003-F9-ADA02013-F17;10;
Proy01003-F9-ADA02014-F18;8;
Proy01003-F9-BD02007-BD02009-BD02010;27;
Proy01003-F9-BD02007-BD02011;29;
Proy01003-F9-BD02007-BD02013-F19;29;
Proy01003-F9-BD02007-Prog02003- Prog02004- Prog02005-Integ02002;55;
Proy01003-F9-BD02007-Prog02003- Prog02004- Prog02005-Prog02006;55;
Proy01003-F9-FEMP01001-F26;6;
Proy01003-F9-FEMP01002-F27;9;
Proy01003-F9-FEMP01003-F28;6;
Proy01003-F9-FEMP01004-F29;7;
Proy01003-F9-FEMP02005-F30;6;
Proy01003-F9-FEMP02006-FEMP02007;13;
Proy01003-F9-FEMP02006-FEMP02008-F31;11;
Proy01003-F9-Proy02010-F20;7;
Proy01003-F9-Proy02011-F21;12;
Proy01003-F9-Proy02012-F22;7;
Proy01003-F9-Proy02013- Proy02015-F23;8;
Proy01003-F9-Proy02013-Proy02009;7;
Proy01003-F9-Proy02014-F24;5;
Proy01003-F9-SO02007-F25;6;
Proy01003-F9-SO02008-SO02009;8;
Proy01003-F9-SO02010- SO02011;17;
Proy01003-F9-Taller02007- Taller02010- Taller02009;16;
Proy01003-F9-Taller02007-Taller02008-F32;13;
Proy01003-F9-Taller02007-Taller02011-F33;13;
Proy01003-F9-Taller02007-Taller02012-F34;12;
Proy01003-F9-Taller02007-Taller02013-F35;14;
Proy01003-F9-Taller02007-Taller02014-F36;12;
Proy01003-F9-Taller02007-Taller02015;15;
Proy01005-Proy01007-F11-ADA02008;6;
Proy01005-Proy01007-F11-ADA02009-F13;6;
Proy01005-Proy01007-F11-ADA02010-F14;4;
Proy01005-Proy01007-F11-ADA02011-F15;7;
Proy01005-Proy01007-F11-ADA02012-F16;5;
Proy01005-Proy01007-F11-ADA02013-F17;8;
Proy01005-Proy01007-F11-ADA02014-F18;6;
Proy01005-Proy01007-F11-BD02007-BD02009-BD02010;25;
Proy01005-Proy01007-F11-BD02007-BD02011;27;
Proy01005-Proy01007-F11-BD02007-BD02013-F19;27;
Proy01005-Proy01007-F11-BD02007-Prog02003- Prog02004- Prog02005-Integ02002;53;
Proy01005-Proy01007-F11-BD02007-Prog02003- Prog02004- Prog02005-Prog02006;53;
Proy01005-Proy01007-F11-FEMP01001-F26;4;
Proy01005-Proy01007-F11-FEMP01002-F27;7;
Proy01005-Proy01007-F11-FEMP01003-F28;4;
Proy01005-Proy01007-F11-FEMP01004-F29;5;
Proy01005-Proy01007-F11-FEMP02005-F30;4;
Proy01005-Proy01007-F11-FEMP02006-FEMP02007;11;
Proy01005-Proy01007-F11-FEMP02006-FEMP02008-F31;9;
Proy01005-Proy01007-F11-Proy02010-F20;5;
Proy01005-Proy01007-F11-Proy02011-F21;10;
Proy01005-Proy01007-F11-Proy02012-F22;5;
Proy01005-Proy01007-F11-Proy02013- Proy02015-F23;6;
Proy01005-Proy01007-F11-Proy02013-Proy02009;5;
Proy01005-Proy01007-F11-Proy02014-F24;3;
Proy01005-Proy01007-F11-SO02007-F25;4;
Proy01005-Proy01007-F11-SO02008-SO02009;6;
Proy01005-Proy01007-F11-SO02010- SO02011;15;
Proy01005-Proy01007-F11-Taller02007- Taller02010- Taller02009;14;
Proy01005-Proy01007-F11-Taller02007-Taller02008-F32;11;
Proy01005-Proy01007-F11-Taller02007-Taller02011-F33;11;
Proy01005-Proy01007-F11-Taller02007-Taller02012-F34;10;
Proy01005-Proy01007-F11-Taller02007-Taller02013-F35;12;
Proy01005-Proy01007-F11-Taller02007-Taller02014-F36;10;
Proy01005-Proy01007-F11-Taller02007-Taller02015;13;
Proy01005-Proy01008 -ADA02008;7;
Proy01005-Proy01008 -ADA02009-F13;7;
Proy01005-Proy01008 -ADA02010-F14;5;
Proy01005-Proy01008 -ADA02011-F15;8;
Proy01005-Proy01008 -ADA02012-F16;6;
Proy01005-Proy01008 -ADA02013-F17;9;
Proy01005-Proy01008 -ADA02014-F18;7;
Proy01005-Proy01008 -BD02007-BD02009-BD02010;26;
Proy01005-Proy01008 -BD02007-BD02011;28;
Proy01005-Proy01008 -BD02007-BD02013-F19;28;
Proy01005-Proy01008 -BD02007-Prog02003- Prog02004- Prog02005-Integ02002;54;
Proy01005-Proy01008 -BD02007-Prog02003- Prog02004- Prog02005-Prog02006;54;
Proy01005-Proy01008 -FEMP01001-F26;5;
Proy01005-Proy01008 -FEMP01002-F27;8;
Proy01005-Proy01008 -FEMP01003-F28;5;
Proy01005-Proy01008 -FEMP01004-F29;6;
Proy01005-Proy01008 -FEMP02005-F30;5;
Proy01005-Proy01008 -FEMP02006-FEMP02007;12;
Proy01005-Proy01008 -FEMP02006-FEMP02008-F31;10;
Proy01005-Proy01008 -Proy02010-F20;6;
Proy01005-Proy01008 -Proy02011-F21;11;
Proy01005-Proy01008 -Proy02012-F22;6;
Proy01005-Proy01008 -Proy02013- Proy02015-F23;7;
Proy01005-Proy01008 -Proy02013-Proy02009;6;
Proy01005-Proy01008 -Proy02014-F24;4;
Proy01005-Proy01008 -SO02007-F25;5;
Proy01005-Proy01008 -SO02008-SO02009;7;
Proy01005-Proy01008 -SO02010- SO02011;16;
Proy01005-Proy01008 -Taller02007- Taller02010- Taller02009;15;
Proy01005-Proy01008 -Taller02007-Taller02008-F32;12;
Proy01005-Proy01008 -Taller02007-Taller02011-F33;12;
Proy01005-Proy01008 -Taller02007-Taller02012-F34;11;
Proy01005-Proy01008 -Taller02007-Taller02013-F35;13;
Proy01005-Proy01008 -Taller02007-Taller02014-F36;11;
Proy01005-Proy01008 -Taller02007-Taller02015;14;
Proy01006-F10-Proy01007-F11-ADA02008;6;
Proy01006-F10-Proy01007-F11-ADA02009-F13;6;
Proy01006-F10-Proy01007-F11-ADA02010-F14;4;
Proy01006-F10-Proy01007-F11-ADA02011-F15;7;
Proy01006-F10-Proy01007-F11-ADA02012-F16;5;
Proy01006-F10-Proy01007-F11-ADA02013-F17;8;
Proy01006-F10-Proy01007-F11-ADA02014-F18;6;
Proy01006-F10-Proy01007-F11-BD02007-BD02009-BD02010;25;
Proy01006-F10-Proy01007-F11-BD02007-BD02011;27;
Proy01006-F10-Proy01007-F11-BD02007-BD02013-F19;27;
Proy01006-F10-Proy01007-F11-BD02007-Prog02003- Prog02004- Prog02005-Integ02002;53;
Proy01006-F10-Proy01007-F11-BD02007-Prog02003- Prog02004- Prog02005-Prog02006;53;
Proy01006-F10-Proy01007-F11-FEMP01001-F26;4;
Proy01006-F10-Proy01007-F11-FEMP01002-F27;7;
Proy01006-F10-Proy01007-F11-FEMP01003-F28;4;
Proy01006-F10-Proy01007-F11-FEMP01004-F29;5;
Proy01006-F10-Proy01007-F11-FEMP02005-F30;4;
Proy01006-F10-Proy01007-F11-FEMP02006-FEMP02007;11;
Proy01006-F10-Proy01007-F11-FEMP02006-FEMP02008-F31;9;
Proy01006-F10-Proy01007-F11-Proy02010-F20;5;
Proy01006-F10-Proy01007-F11-Proy02011-F21;10;
Proy01006-F10-Proy01007-F11-Proy02012-F22;5;
Proy01006-F10-Proy01007-F11-Proy02013- Proy02015-F23;6;
Proy01006-F10-Proy01007-F11-Proy02013-Proy02009;5;
Proy01006-F10-Proy01007-F11-Proy02014-F24;3;
Proy01006-F10-Proy01007-F11-SO02007-F25;4;
Proy01006-F10-Proy01007-F11-SO02008-SO02009;6;
Proy01006-F10-Proy01007-F11-SO02010- SO02011;15;
Proy01006-F10-Proy01007-F11-Taller02007- Taller02010- Taller02009;14;
Proy01006-F10-Proy01007-F11-Taller02007-Taller02008-F32;11;
Proy01006-F10-Proy01007-F11-Taller02007-Taller02011-F33;11;
Proy01006-F10-Proy01007-F11-Taller02007-Taller02012-F34;10;
Proy01006-F10-Proy01007-F11-Taller02007-Taller02013-F35;12;
Proy01006-F10-Proy01007-F11-Taller02007-Taller02014-F36;10;
Proy01006-F10-Proy01007-F11-Taller02007-Taller02015;13;
SO01001-SO01002-SO01005-ADA02008;19;
SO01001-SO01002-SO01005-ADA02009-F13;19;
SO01001-SO01002-SO01005-ADA02010-F14;17;
SO01001-SO01002-SO01005-ADA02011-F15;20;
SO01001-SO01002-SO01005-ADA02012-F16;18;
SO01001-SO01002-SO01005-ADA02013-F17;21;
SO01001-SO01002-SO01005-ADA02014-F18;19;
SO01001-SO01002-SO01005-BD02007-BD02009-BD02010;38;
SO01001-SO01002-SO01005-BD02007-BD02011;40;
SO01001-SO01002-SO01005-BD02007-BD02013-F19;40;
SO01001-SO01002-SO01005-BD02007-Prog02003- Prog02004- Prog02005-Integ02002;66;
SO01001-SO01002-SO01005-BD02007-Prog02003- Prog02004- Prog02005-Prog02006;66;
SO01001-SO01002-SO01005-FEMP01001-F26;17;
SO01001-SO01002-SO01005-FEMP01002-F27;20;
SO01001-SO01002-SO01005-FEMP01003-F28;17;
SO01001-SO01002-SO01005-FEMP01004-F29;18;
SO01001-SO01002-SO01005-FEMP02005-F30;17;
SO01001-SO01002-SO01005-FEMP02006-FEMP02007;24;
SO01001-SO01002-SO01005-FEMP02006-FEMP02008-F31;22;
SO01001-SO01002-SO01005-Proy02010-F20;18;
SO01001-SO01002-SO01005-Proy02011-F21;23;
SO01001-SO01002-SO01005-Proy02012-F22;18;
SO01001-SO01002-SO01005-Proy02013- Proy02015-F23;19;
SO01001-SO01002-SO01005-Proy02013-Proy02009;18;
SO01001-SO01002-SO01005-Proy02014-F24;16;
SO01001-SO01002-SO01005-SO02007-F25;17;
SO01001-SO01002-SO01005-SO02008-SO02009;19;
SO01001-SO01002-SO01005-SO02010- SO02011;28;
SO01001-SO01002-SO01005-Taller02007- Taller02010- Taller02009;27;
SO01001-SO01002-SO01005-Taller02007-Taller02008-F32;24;
SO01001-SO01002-SO01005-Taller02007-Taller02011-F33;24;
SO01001-SO01002-SO01005-Taller02007-Taller02012-F34;23;
SO01001-SO01002-SO01005-Taller02007-Taller02013-F35;25;
SO01001-SO01002-SO01005-Taller02007-Taller02014-F36;23;
SO01001-SO01002-SO01005-Taller02007-Taller02015;26;
SO01003-F2-ADA02008;7;
SO01003-F2-ADA02009-F13;7;
SO01003-F2-ADA02010-F14;5;
SO01003-F2-ADA02011-F15;8;
SO01003-F2-ADA02012-F16;6;
SO01003-F2-ADA02013-F17;9;
SO01003-F2-ADA02014-F18;7;
SO01003-F2-BD02007-BD02009-BD02010;26;
SO01003-F2-BD02007-BD02011;28;
SO01003-F2-BD02007-BD02013-F19;28;
SO01003-F2-BD02007-Prog02003- Prog02004- Prog02005-Integ02002;54;
SO01003-F2-BD02007-Prog02003- Prog02004- Prog02005-Prog02006;54;
SO01003-F2-FEMP01001-F26;5;
SO01003-F2-FEMP01002-F27;8;
SO01003-F2-FEMP01003-F28;5;
SO01003-F2-FEMP01004-F29;6;
SO01003-F2-FEMP02005-F30;5;
SO01003-F2-FEMP02006-FEMP02007;12;
SO01003-F2-FEMP02006-FEMP02008-F31;10;
SO01003-F2-Proy02010-F20;6;
SO01003-F2-Proy02011-F21;11;
SO01003-F2-Proy02012-F22;6;
SO01003-F2-Proy02013- Proy02015-F23;7;
SO01003-F2-Proy02013-Proy02009;6;
SO01003-F2-Proy02014-F24;4;
SO01003-F2-SO02007-F25;5;
SO01003-F2-SO02008-SO02009;7;
SO01003-F2-SO02010- SO02011;16;
SO01003-F2-Taller02007- Taller02010- Taller02009;15;
SO01003-F2-Taller02007-Taller02008-F32;12;
SO01003-F2-Taller02007-Taller02011-F33;12;
SO01003-F2-Taller02007-Taller02012-F34;11;
SO01003-F2-Taller02007-Taller02013-F35;13;
SO01003-F2-Taller02007-Taller02014-F36;11;
SO01003-F2-Taller02007-Taller02015;14;
SO01004-F1-ADA02008;7;
SO01004-F1-ADA02009-F13;7;
SO01004-F1-ADA02010-F14;5;
SO01004-F1-ADA02011-F15;8;
SO01004-F1-ADA02012-F16;6;
SO01004-F1-ADA02013-F17;9;
SO01004-F1-ADA02014-F18;7;
SO01004-F1-BD02007-BD02009-BD02010;26;
SO01004-F1-BD02007-BD02011;28;
SO01004-F1-BD02007-BD02013-F19;28;
SO01004-F1-BD02007-Prog02003- Prog02004- Prog02005-Integ02002;54;
SO01004-F1-BD02007-Prog02003- Prog02004- Prog02005-Prog02006;54;
SO01004-F1-FEMP01001-F26;5;
SO01004-F1-FEMP01002-F27;8;
SO01004-F1-FEMP01003-F28;5;
SO01004-F1-FEMP01004-F29;6;
SO01004-F1-FEMP02005-F30;5;
SO01004-F1-FEMP02006-FEMP02007;12;
SO01004-F1-FEMP02006-FEMP02008-F31;10;
SO01004-F1-Proy02010-F20;6;
SO01004-F1-Proy02011-F21;11;
SO01004-F1-Proy02012-F22;6;
SO01004-F1-Proy02013- Proy02015-F23;7;
SO01004-F1-Proy02013-Proy02009;6;
SO01004-F1-Proy02014-F24;4;
SO01004-F1-SO02007-F25;5;
SO01004-F1-SO02008-SO02009;7;
SO01004-F1-SO02010- SO02011;16;
SO01004-F1-Taller02007- Taller02010- Taller02009;15;
SO01004-F1-Taller02007-Taller02008-F32;12;
SO01004-F1-Taller02007-Taller02011-F33;12;
SO01004-F1-Taller02007-Taller02012-F34;11;
SO01004-F1-Taller02007-Taller02013-F35;13;
SO01004-F1-Taller02007-Taller02014-F36;11;
SO01004-F1-Taller02007-Taller02015;14;
SO01006-ADA02008;5;
SO01006-ADA02009-F13;5;
SO01006-ADA02010-F14;3;
SO01006-ADA02011-F15;6;
SO01006-ADA02012-F16;4;
SO01006-ADA02013-F17;7;
SO01006-ADA02014-F18;5;
SO01006-BD02007-BD02009-BD02010;24;
SO01006-BD02007-BD02011;26;
SO01006-BD02007-BD02013-F19;26;
SO01006-BD02007-Prog02003- Prog02004- Prog02005-Integ02002;52;
SO01006-BD02007-Prog02003- Prog02004- Prog02005-Prog02006;52;
SO01006-FEMP01001-F26;3;
SO01006-FEMP01002-F27;6;
SO01006-FEMP01003-F28;3;
SO01006-FEMP01004-F29;4;
SO01006-FEMP02005-F30;3;
SO01006-FEMP02006-FEMP02007;10;
SO01006-FEMP02006-FEMP02008-F31;8;
SO01006-Proy02010-F20;4;
SO01006-Proy02011-F21;9;
SO01006-Proy02012-F22;4;
SO01006-Proy02013- Proy02015-F23;5;
SO01006-Proy02013-Proy02009;4;
SO01006-Proy02014-F24;2;
SO01006-SO02007-F25;3;
SO01006-SO02008-SO02009;5;
SO01006-SO02010- SO02011;14;
SO01006-Taller02007- Taller02010- Taller02009;13;
SO01006-Taller02007-Taller02008-F32;10;
SO01006-Taller02007-Taller02011-F33;10;
SO01006-Taller02007-Taller02012-F34;9;
SO01006-Taller02007-Taller02013-F35;11;
SO01006-Taller02007-Taller02014-F36;9;
SO01006-Taller02007-Taller02015;12;
Taller01001-Taller01006-Taller01005 -ADA02008;12;
Taller01001-Taller01006-Taller01005 -ADA02009-F13;12;
Taller01001-Taller01006-Taller01005 -ADA02010-F14;10;
Taller01001-Taller01006-Taller01005 -ADA02011-F15;13;
Taller01001-Taller01006-Taller01005 -ADA02012-F16;11;
Taller01001-Taller01006-Taller01005 -ADA02013-F17;14;
Taller01001-Taller01006-Taller01005 -ADA02014-F18;12;
Taller01001-Taller01006-Taller01005 -BD02007-BD02009-BD02010;31;
Taller01001-Taller01006-Taller01005 -BD02007-BD02011;33;
Taller01001-Taller01006-Taller01005 -BD02007-BD02013-F19;33;
Taller01001-Taller01006-Taller01005 -BD02007-Prog02003- Prog02004- Prog02005-Integ02002;59;
Taller01001-Taller01006-Taller01005 -BD02007-Prog02003- Prog02004- Prog02005-Prog02006;59;
Taller01001-Taller01006-Taller01005 -FEMP01001-F26;10;
Taller01001-Taller01006-Taller01005 -FEMP01002-F27;13;
Taller01001-Taller01006-Taller01005 -FEMP01003-F28;10;
Taller01001-Taller01006-Taller01005 -FEMP01004-F29;11;
Taller01001-Taller01006-Taller01005 -FEMP02005-F30;10;
Taller01001-Taller01006-Taller01005 -FEMP02006-FEMP02007;17;
Taller01001-Taller01006-Taller01005 -FEMP02006-FEMP02008-F31;15;
Taller01001-Taller01006-Taller01005 -Proy02010-F20;11;
Taller01001-Taller01006-Taller01005 -Proy02011-F21;16;
Taller01001-Taller01006-Taller01005 -Proy02012-F22;11;
Taller01001-Taller01006-Taller01005 -Proy02013- Proy02015-F23;12;
Taller01001-Taller01006-Taller01005 -Proy02013-Proy02009;11;
Taller01001-Taller01006-Taller01005 -Proy02014-F24;9;
Taller01001-Taller01006-Taller01005 -SO02007-F25;10;
Taller01001-Taller01006-Taller01005 -SO02008-SO02009;12;
Taller01001-Taller01006-Taller01005 -SO02010- SO02011;21;
Taller01001-Taller01006-Taller01005 -Taller02007- Taller02010- Taller02009;20;
Taller01001-Taller01006-Taller01005 -Taller02007-Taller02008-F32;17;
Taller01001-Taller01006-Taller01005 -Taller02007-Taller02011-F33;17;
Taller01001-Taller01006-Taller01005 -Taller02007-Taller02012-F34;16;
Taller01001-Taller01006-Taller01005 -Taller02007-Taller02013-F35;18;
Taller01001-Taller01006-Taller01005 -Taller02007-Taller02014-F36;16;
Taller01001-Taller01006-Taller01005 -Taller02007-Taller02015;19;
Taller01002-F12-Taller01006-Taller01005-ADA02008;12;
Taller01002-F12-Taller01006-Taller01005-ADA02009-F13;12;
Taller01002-F12-Taller01006-Taller01005-ADA02010-F14;10;
Taller01002-F12-Taller01006-Taller01005-ADA02011-F15;13;
Taller01002-F12-Taller01006-Taller01005-ADA02012-F16;11;
Taller01002-F12-Taller01006-Taller01005-ADA02013-F17;14;
Taller01002-F12-Taller01006-Taller01005-ADA02014-F18;12;
Taller01002-F12-Taller01006-Taller01005-BD02007-BD02009-BD02010;31;
Taller01002-F12-Taller01006-Taller01005-BD02007-BD02011;33;
Taller01002-F12-Taller01006-Taller01005-BD02007-BD02013-F19;33;
Taller01002-F12-Taller01006-Taller01005-BD02007-Prog02003- Prog02004- Prog02005-Integ02002;59;
Taller01002-F12-Taller01006-Taller01005-BD02007-Prog02003- Prog02004- Prog02005-Prog02006;59;
Taller01002-F12-Taller01006-Taller01005-FEMP01001-F26;10;
Taller01002-F12-Taller01006-Taller01005-FEMP01002-F27;13;
Taller01002-F12-Taller01006-Taller01005-FEMP01003-F28;10;
Taller01002-F12-Taller01006-Taller01005-FEMP01004-F29;11;
Taller01002-F12-Taller01006-Taller01005-FEMP02005-F30;10;
Taller01002-F12-Taller01006-Taller01005-FEMP02006-FEMP02007;17;
Taller01002-F12-Taller01006-Taller01005-FEMP02006-FEMP02008-F31;15;
Taller01002-F12-Taller01006-Taller01005-Proy02010-F20;11;
Taller01002-F12-Taller01006-Taller01005-Proy02011-F21;16;
Taller01002-F12-Taller01006-Taller01005-Proy02012-F22;11;
Taller01002-F12-Taller01006-Taller01005-Proy02013- Proy02015-F23;12;
Taller01002-F12-Taller01006-Taller01005-Proy02013-Proy02009;11;
Taller01002-F12-Taller01006-Taller01005-Proy02014-F24;9;
Taller01002-F12-Taller01006-Taller01005-SO02007-F25;10;
Taller01002-F12-Taller01006-Taller01005-SO02008-SO02009;12;
Taller01002-F12-Taller01006-Taller01005-SO02010- SO02011;21;
Taller01002-F12-Taller01006-Taller01005-Taller02007- Taller02010- Taller02009;20;
Taller01002-F12-Taller01006-Taller01005-Taller02007-Taller02008-F32;17;
Taller01002-F12-Taller01006-Taller01005-Taller02007-Taller02011-F33;17;
Taller01002-F12-Taller01006-Taller01005-Taller02007-Taller02012-F34;16;
Taller01002-F12-Taller01006-Taller01005-Taller02007-Taller02013-F35;18;
Taller01002-F12-Taller01006-Taller01005-Taller02007-Taller02014-F36;16;
Taller01002-F12-Taller01006-Taller01005-Taller02007-Taller02015;19;
Taller01002-Taller01003-Taller01004-ADA02008;21;
Taller01002-Taller01003-Taller01004-ADA02009-F13;21;
Taller01002-Taller01003-Taller01004-ADA02010-F14;19;
Taller01002-Taller01003-Taller01004-ADA02011-F15;22;
Taller01002-Taller01003-Taller01004-ADA02012-F16;20;
Taller01002-Taller01003-Taller01004-ADA02013-F17;23;
Taller01002-Taller01003-Taller01004-ADA02014-F18;21;
Taller01002-Taller01003-Taller01004-BD02007-BD02009-BD02010;40;
Taller01002-Taller01003-Taller01004-BD02007-BD02011;42;
Taller01002-Taller01003-Taller01004-BD02007-BD02013-F19;42;
Taller01002-Taller01003-Taller01004-BD02007-Prog02003- Prog02004- Prog02005-Integ02002;68;
Taller01002-Taller01003-Taller01004-BD02007-Prog02003- Prog02004- Prog02005-Prog02006;68;
Taller01002-Taller01003-Taller01004-FEMP01001-F26;19;
Taller01002-Taller01003-Taller01004-FEMP01002-F27;22;
Taller01002-Taller01003-Taller01004-FEMP01003-F28;19;
Taller01002-Taller01003-Taller01004-FEMP01004-F29;20;
Taller01002-Taller01003-Taller01004-FEMP02005-F30;19;
Taller01002-Taller01003-Taller01004-FEMP02006-FEMP02007;26;
Taller01002-Taller01003-Taller01004-FEMP02006-FEMP02008-F31;24;
Taller01002-Taller01003-Taller01004-Proy02010-F20;20;
Taller01002-Taller01003-Taller01004-Proy02011-F21;25;
Taller01002-Taller01003-Taller01004-Proy02012-F22;20;
Taller01002-Taller01003-Taller01004-Proy02013- Proy02015-F23;21;
Taller01002-Taller01003-Taller01004-Proy02013-Proy02009;20;
Taller01002-Taller01003-Taller01004-Proy02014-F24;18;
Taller01002-Taller01003-Taller01004-SO02007-F25;19;
Taller01002-Taller01003-Taller01004-SO02008-SO02009;21;
Taller01002-Taller01003-Taller01004-SO02010- SO02011;30;
Taller01002-Taller01003-Taller01004-Taller02007- Taller02010- Taller02009;29;
Taller01002-Taller01003-Taller01004-Taller02007-Taller02008-F32;26;
Taller01002-Taller01003-Taller01004-Taller02007-Taller02011-F33;26;
Taller01002-Taller01003-Taller01004-Taller02007-Taller02012-F34;25;
Taller01002-Taller01003-Taller01004-Taller02007-Taller02013-F35;27;
Taller01002-Taller01003-Taller01004-Taller02007-Taller02014-F36;25;
Taller01002-Taller01003-Taller01004-Taller02007-Taller02015;28;
