ADA02008;4;
ADA02009-F13;4;
ADA02010-F14;2;
ADA02011-F15;5;
ADA02012-F16;3;
ADA02013-F17;6;
ADA02014-F18;4;
BD02007-BD02009-BD02010;23;
BD02007-BD02011;25;
BD02007-BD02013-F19;25;
BD02007-Prog02003- Prog02004- Prog02005-Prog02006;51;
BD02007-Prog02003- Prog02004- Prog02005-Integ02002;51;
Proy02010-F20;3;
Proy02011-F21;8;
Proy02012-F22;3;
Proy02013-Proy02009;3;
Proy02013- Proy02015-F23;4;
Proy02014-F24;1;
SO02007-F25;2;
SO02008-SO02009;4;
SO02010- SO02011;13;
FEMP01001-F26;2;
FEMP01002-F27;5;
FEMP01003-F28;2;
FEMP01004-F29;3;
FEMP02005-F30;2;
FEMP02006-FEMP02007;9;
FEMP02006-FEMP02008-F31;7;
Taller02007­-Taller02008-F32;9;
Taller02007- Taller02010- Taller02009;12;
Taller02007-Taller02011-F33;9;
Taller02007-Taller02012-F34;8;
Taller02007-Taller02013-F35;10;
Taller02007-Taller02014-F36;8;
Taller02007-Taller02015;11;
